PROV1;San Francisco;San Francisco;San Francisco;;;;;;;;;x
PROV2;San Mateo;San Mateo;San Mateo;;;;;;;;;x
PROV3;Redwood City;Redwood City;Redwood City;;;;;;;;;x
PROV4;Half Moon Bay;Half Moon Bay;Half Moon Bay;;;;;;;;;x
PROV5;San Rafael;San Rafael;San Rafael;;;;;;;;;x
PROV6;Novato;Novato;Novato;;;;;;;;;x
PROV7;Point Reyes;Point Reyes;Point Reyes;;;;;;;;;x
PROV8;Santa Rosa;Santa Rosa;Santa Rosa;;;;;;;;;x
PROV9;Petaluma;Petaluma;Petaluma;;;;;;;;;x
PROV10;Bodega Bay;Bodega Bay;Bodega Bay;;;;;;;;;x
PROV11;Windsor;Windsor;Windsor;;;;;;;;;x
PROV12;Napa;Napa;Napa;;;;;;;;;x
PROV13;St. Helena;St. Helena;St. Helena;;;;;;;;;x
PROV14;Spanish Flat;Spanish Flat;Spanish Flat;;;;;;;;;x
PROV15;Vallejo;Vallejo;Vallejo;;;;;;;;;x
PROV16;Vacaville;Vacaville;Vacaville;;;;;;;;;x
PROV17;Rio Vista;Rio Vista;Rio Vista;;;;;;;;;x
PROV18;Richmond;Richmond;Richmond;;;;;;;;;x
PROV19;Concord;Concord;Concord;;;;;;;;;x
PROV20;Walnut Creek;Walnut Creek;Walnut Creek;;;;;;;;;x
PROV21;Antioch;Antioch;Antioch;;;;;;;;;x
PROV22;Berkeley;Berkeley;Berkeley;;;;;;;;;x
PROV23;Oakland;Oakland;Oakland;;;;;;;;;x
PROV24;Fremont;Fremont;Fremont;;;;;;;;;x
PROV25;Pleasanton;Pleasanton;Pleasanton;;;;;;;;;x
PROV26;San Jose;San Jose;San Jose;;;;;;;;;x
PROV27;Mountain View;Mountain View;Mountain View;;;;;;;;;x
PROV28;Santa Clara;Santa Clara;Santa Clara;;;;;;;;;x
PROV29;Gilroy;Gilroy;Gilroy;;;;;;;;;x
PROV30;San Felipe;San Felipe;San Felipe;;;;;;;;;x
PROV31;Los Gatos;Los Gatos;Los Gatos;;;;;;;;;x
PROV32;Coe Ranch;Coe Ranch;Coe Ranch;;;;;;;;;x
PROV33;Ohlone;Ohlone;Ohlone;;;;;;;;;x
PROV34;Pescadero;Pescadero;Pescadero;;;;;;;;;x
PROV35;South Lake;South Lake;South Lake;;;;;;;;;x
PROV36;North Lake;North Lake;North Lake;;;;;;;;;x
PROV37;Kelseyville;Kelseyville;Kelseyville;;;;;;;;;x
PROV38;Santa Cruz;Santa Cruz;Santa Cruz;;;;;;;;;x
PROV39;Watsonville;Watsonville;Watsonville;;;;;;;;;x
PROV40;Scotts Valley;Scotts Valley;Scotts Valley;;;;;;;;;x
PROV41;Hollister;Hollister;Hollister;;;;;;;;;x
PROV42;San Benito;San Benito;San Benito;;;;;;;;;x
PROV43;Idria;Idria;Idria;;;;;;;;;x
PROV44;Salinas;Salinas;Salinas;;;;;;;;;x
PROV45;Monterey;Monterey;Monterey;;;;;;;;;x
PROV46;Carmel-By-The-Sea;Carmel-By-The-Sea;Carmel-By-The-Sea;;;;;;;;;x
PROV47;Big Sur;Big Sur;Big Sur;;;;;;;;;x
PROV48;Slates Hot Spring;Slates Hot Spring;Slates Hot Spring;;;;;;;;;x
PROV49;Gorda;Gorda;Gorda;;;;;;;;;x
PROV50;King City;King City;King City;;;;;;;;;x
PROV51;Soledad;Soledad;Soledad;;;;;;;;;x
PROV52;Gonzales;Gonzales;Gonzales;;;;;;;;;x
PROV53;Wunpost;Wunpost;Wunpost;;;;;;;;;x
PROV54;Hidden Valley;Hidden Valley;Hidden Valley;;;;;;;;;x
PROV55;Lockwood;Lockwood;Lockwood;;;;;;;;;x
PROV56;San Luis Obispo;San Luis Obispo;San Luis Obispo;;;;;;;;;x
PROV57;Atascadero;Atascadero;Atascadero;;;;;;;;;x
PROV58;San Simeon;San Simeon;San Simeon;;;;;;;;;x
PROV59;Pozo;Pozo;Pozo;;;;;;;;;x
PROV60;Topaz;Topaz;Topaz;;;;;;;;;x
PROV61;Sacramento;Sacramento;Sacramento;;;;;;;;;x
PROV62;Rancho Cordova;Rancho Cordova;Rancho Cordova;;;;;;;;;x
PROV63;Elk Grove;Elk Grove;Elk Grove;;;;;;;;;x
PROV64;Folsom;Folsom;Folsom;;;;;;;;;x
PROV65;Arden-Arcade;Arden-Arcade;Arden-Arcade;;;;;;;;;x
PROV66;Rio Linda;Rio Linda;Rio Linda;;;;;;;;;x
PROV67;Walnut Grove;Walnut Grove;Walnut Grove;;;;;;;;;x
PROV68;Herald;Herald;Herald;;;;;;;;;x
PROV69;Rancho Murieta;Rancho Murieta;Rancho Murieta;;;;;;;;;x
PROV70;Placerville;Placerville;Placerville;;;;;;;;;x
PROV71;Roseville;Roseville;Roseville;;;;;;;;;x
PROV72;Nevada City;Nevada City;Nevada City;;;;;;;;;x
PROV73;Oroville;Oroville;Oroville;;;;;;;;;x
PROV74;Oliverhurst;Oliverhurst;Oliverhurst;;;;;;;;;x
PROV75;Pleasant Grove;Pleasant Grove;Pleasant Grove;;;;;;;;;x
PROV76;Indian Valley;Indian Valley;Indian Valley;;;;;;;;;x
PROV77;Chester;Chester;Chester;;;;;;;;;x
PROV78;Portola;Portola;Portola;;;;;;;;;x
PROV79;Olympic Valley;Olympic Valley;Olympic Valley;;;;;;;;;x
PROV80;Monument;Monument;Monument;;;;;;;;;x
PROV81;Lincoln;Lincoln;Lincoln;;;;;;;;;x
PROV82;Yuba;Yuba;Yuba;;;;;;;;;x
PROV83;Robbins;Robbins;Robbins;;;;;;;;;x
PROV84;Butte;Butte;Butte;;;;;;;;;x
PROV85;Chico;Chico;Chico;;;;;;;;;x
PROV86;Los Molinos;Los Molinos;Los Molinos;;;;;;;;;x
PROV87;Dairyville;Dairyville;Dairyville;;;;;;;;;x
PROV88;Davis;Davis;Davis;;;;;;;;;x
PROV89;Cottonwood;Cottonwood;Cottonwood;;;;;;;;;x
PROV90;Rumsey;Rumsey;Rumsey;;;;;;;;;x
PROV91;Colusa;Colusa;Colusa;;;;;;;;;x
PROV92;Arbuckle;Arbuckle;Arbuckle;;;;;;;;;x
PROV93;Willow;Willow;Willow;;;;;;;;;x
PROV94;Artois;Artois;Artois;;;;;;;;;x
PROV95;Hamilton City;Hamilton City;Hamilton City;;;;;;;;;x
PROV96;Elk Creek;Elk Creek;Elk Creek;;;;;;;;;x
PROV97;Red Bluff;Red Bluff;Red Bluff;;;;;;;;;x
PROV98;Corning;Corning;Corning;;;;;;;;;x
PROV99;Rosewood;Rosewood;Rosewood;;;;;;;;;x
PROV100;Stockton;Stockton;Stockton;;;;;;;;;x
PROV101;Lodi;Lodi;Lodi;;;;;;;;;x
PROV102;Amador;Amador;Amador;;;;;;;;;x
PROV103;Modesto;Modesto;Modesto;;;;;;;;;x
PROV104;Le Grange;Le Grange;Le Grange;;;;;;;;;x
PROV105;San Andreas;San Andreas;San Andreas;;;;;;;;;x
PROV106;Merced;Merced;Merced;;;;;;;;;x
PROV107;Mariposa;Mariposa;Mariposa;;;;;;;;;x
PROV108;Toulumnes;Toulumnes;Toulumnes;;;;;;;;;x
PROV109;Madera;Madera;Madera;;;;;;;;;x
PROV110;Yosemite Lakes;Yosemite Lakes;Yosemite Lakes;;;;;;;;;x
PROV111;Chowchilla;Chowchilla;Chowchilla;;;;;;;;;x
PROV112;Bakersfield;Bakersfield;Bakersfield;;;;;;;;;x
PROV113;Bear Valley;Bear Valley;Bear Valley;;;;;;;;;x
PROV114;Mojave;Mojave;Mojave;;;;;;;;;x
PROV115;Tupman;Tupman;Tupman;;;;;;;;;x
PROV116;Mettler;Mettler;Mettler;;;;;;;;;x
PROV117;Visalia;Visalia;Visalia;;;;;;;;;x
PROV118;Kings Canyon;Kings Canyon;Kings Canyon;;;;;;;;;x
PROV119;Terra Bella;Terra Bella;Terra Bella;;;;;;;;;x
PROV120;Halfway House;Halfway House;Halfway House;;;;;;;;;x
PROV121;Isabella;Isabella;Isabella;;;;;;;;;x
PROV122;Twin Oaks;Twin Oaks;Twin Oaks;;;;;;;;;x
PROV123;Taft;Taft;Taft;;;;;;;;;x
PROV124;McKittrick;McKittrick;McKittrick;;;;;;;;;x
PROV125;Annette;Annette;Annette;;;;;;;;;x
PROV126;Buttonwillow;Buttonwillow;Buttonwillow;;;;;;;;;x
PROV127;Lost Hills;Lost Hills;Lost Hills;;;;;;;;;x
PROV128;Alpaugh;Alpaugh;Alpaugh;;;;;;;;;x
PROV129;Hanford;Hanford;Hanford;;;;;;;;;x
PROV130;Shafter;Shafter;Shafter;;;;;;;;;x
PROV131;Fresno;Fresno;Fresno;;;;;;;;;x
PROV132;Millerton;Millerton;Millerton;;;;;;;;;x
PROV133;Kerman;Kerman;Kerman;;;;;;;;;x
PROV134;Helm;Helm;Helm;;;;;;;;;x
PROV135;Selma;Selma;Selma;;;;;;;;;x
PROV136;Centerville;Centerville;Centerville;;;;;;;;;x
PROV137;Tracy;Tracy;Tracy;;;;;;;;;x
PROV138;Diablo Grande;Diablo Grande;Diablo Grande;;;;;;;;;x
PROV139;Cottonwood;Cottonwood;Cottonwood;;;;;;;;;x
PROV140;Newman;Newman;Newman;;;;;;;;;x
PROV141;Mendota;Mendota;Mendota;;;;;;;;;x
PROV142;Los Banos;Los Banos;Los Banos;;;;;;;;;x
PROV143;Wood Ranch;Wood Ranch;Wood Ranch;;;;;;;;;x
PROV144;Cantua;Cantua;Cantua;;;;;;;;;x
PROV145;Riverdale;Riverdale;Riverdale;;;;;;;;;x
PROV146;Kettleman;Kettleman;Kettleman;;;;;;;;;x
PROV147;Coalinga;Coalinga;Coalinga;;;;;;;;;x
PROV148;Five Points;Five Points;Five Points;;;;;;;;;x
PROV149;Balboa;Balboa;Balboa;;;;;;;;;x
PROV150;Coronado;Coronado;Coronado;;;;;;;;;x
PROV151;Otay Lakes;Otay Lakes;Otay Lakes;;;;;;;;;x
PROV152;Torrey;Torrey;Torrey;;;;;;;;;x
PROV153;El Cajon;El Cajon;El Cajon;;;;;;;;;x
PROV154;Palomar;Palomar;Palomar;;;;;;;;;x
PROV155;Poway;Poway;Poway;;;;;;;;;x
PROV156;Pendleton;Pendleton;Pendleton;;;;;;;;;x
PROV157;San Clemente;San Clemente;San Clemente;;;;;;;;;x
PROV158;Irvine;Irvine;Irvine;;;;;;;;;x
PROV159;Huntington;Huntington;Huntington;;;;;;;;;x
PROV160;Santiago;Santiago;Santiago;;;;;;;;;x
PROV161;Anaheim;Anaheim;Anaheim;;;;;;;;;x
PROV162;West Covina;West Covina;West Covina;;;;;;;;;x
PROV163;Buena Park;Buena Park;Buena Park;;;;;;;;;x
PROV164;Chino;Chino;Chino;;;;;;;;;x
PROV165;Whitter;Whitter;Whitter;;;;;;;;;x
PROV166;Riverside;Riverside;Riverside;;;;;;;;;x
PROV167;Mathews;Mathews;Mathews;;;;;;;;;x
PROV168;San Bernardino;San Bernardino;San Bernardino;;;;;;;;;x
PROV169;The Redlands;The Redlands;The Redlands;;;;;;;;;x
PROV170;Moreno;Moreno;Moreno;;;;;;;;;x
PROV171;Temecula;Temecula;Temecula;;;;;;;;;x
PROV172;Diamond Valley;Diamond Valley;Diamond Valley;;;;;;;;;x
PROV173;Morongo;Morongo;Morongo;;;;;;;;;x
PROV174;Pauma;Pauma;Pauma;;;;;;;;;x
PROV175;Ramona;Ramona;Ramona;;;;;;;;;x
PROV176;Salton;Salton;Salton;;;;;;;;;x
PROV177;Coachella;Coachella;Coachella;;;;;;;;;x
PROV178;Idyllwild;Idyllwild;Idyllwild;;;;;;;;;x
PROV179;El Centro;El Centro;El Centro;;;;;;;;;x
PROV180;Borrego;Borrego;Borrego;;;;;;;;;x
PROV181;Anza;Anza;Anza;;;;;;;;;x
PROV182;Catalina Island;Catalina Island;Catalina Island;;;;;;;;;x
PROV183;Channel Islands;Channel Islands;Channel Islands;;;;;;;;;x
PROV184;Los Angeles;Los Angeles;Los Angeles;;;;;;;;;x
PROV185;Long Beach;Long Beach;Long Beach;;;;;;;;;x
PROV186;Compton;Compton;Compton;;;;;;;;;x
PROV187;Inglewood;Inglewood;Inglewood;;;;;;;;;x
PROV188;Hollywood;Hollywood;Hollywood;;;;;;;;;x
PROV189;Burbank;Burbank;Burbank;;;;;;;;;x
PROV190;Pasadena;Pasadena;Pasadena;;;;;;;;;x
PROV191;The Valley;The Valley;The Valley;;;;;;;;;x
PROV192;Santa Monica;Santa Monica;Santa Monica;;;;;;;;;x
PROV193;Malibu;Malibu;Malibu;;;;;;;;;x
PROV194;Thousand Oaks;Thousand Oaks;Thousand Oaks;;;;;;;;;x
PROV195;Oxnard;Oxnard;Oxnard;;;;;;;;;x
PROV196;Filmore;Filmore;Filmore;;;;;;;;;x
PROV197;Ventura;Ventura;Ventura;;;;;;;;;x
PROV198;Santa Barbara;Santa Barbara;Santa Barbara;;;;;;;;;x
PROV199;Las Crusces;Las Crusces;Las Crusces;;;;;;;;;x
PROV200;Lompoc;Lompoc;Lompoc;;;;;;;;;x
PROV201;Santa Maria;Santa Maria;Santa Maria;;;;;;;;;x
PROV202;Santa Ynez;Santa Ynez;Santa Ynez;;;;;;;;;x
PROV203;Wheeler;Wheeler;Wheeler;;;;;;;;;x
PROV204;Cuyama Valley;Cuyama Valley;Cuyama Valley;;;;;;;;;x
PROV205;Tejon Pass;Tejon Pass;Tejon Pass;;;;;;;;;x
PROV206;Santa Clarita;Santa Clarita;Santa Clarita;;;;;;;;;x
PROV207;Palmdale;Palmdale;Palmdale;;;;;;;;;x
PROV208;Lancaster;Lancaster;Lancaster;;;;;;;;;x
PROV209;Rosamond;Rosamond;Rosamond;;;;;;;;;x
PROV210;Fairmont;Fairmont;Fairmont;;;;;;;;;x
PROV211;Victorville;Victorville;Victorville;;;;;;;;;x
PROV212;Hesperia;Hesperia;Hesperia;;;;;;;;;x
PROV213;El Mirage;El Mirage;El Mirage;;;;;;;;;x
PROV214;Helendale;Helendale;Helendale;;;;;;;;;x
PROV215;Las Vegas;Las Vegas;Las Vegas;;;;;;;;;x
PROV216;Fire Valley;Fire Valley;Fire Valley;;;;;;;;;x
PROV217;Ash Springs;Ash Springs;Ash Springs;;;;;;;;;x
PROV218;Indian Springs;Indian Springs;Indian Springs;;;;;;;;;x
PROV219;Pahrump;Pahrump;Pahrump;;;;;;;;;x
PROV220;Imperial;Imperial;Imperial;;;;;;;;;x
PROV221;Picacho;Picacho;Picacho;;;;;;;;;x
PROV222;Slab City;Slab City;Slab City;;;;;;;;;x
PROV223;Palo Verde;Palo Verde;Palo Verde;;;;;;;;;x
PROV224;North Shore;North Shore;North Shore;;;;;;;;;x
PROV225;Desert Center;Desert Center;Desert Center;;;;;;;;;x
PROV226;Palm Springs;Palm Springs;Palm Springs;;;;;;;;;x
PROV227;Bagdad;Bagdad;Bagdad;;;;;;;;;x
PROV228;Searchlight;Searchlight;Searchlight;;;;;;;;;x
PROV229;Goodsprings;Goodsprings;Goodsprings;;;;;;;;;x
PROV230;Boulder City;Boulder City;Boulder City;;;;;;;;;x
PROV231;Halloran;Halloran;Halloran;;;;;;;;;x
PROV232;Vidal;Vidal;Vidal;;;;;;;;;x
PROV233;Blythe;Blythe;Blythe;;;;;;;;;x
PROV234;Needles;Needles;Needles;;;;;;;;;x
PROV235;Barstow;Barstow;Barstow;;;;;;;;;x
PROV236;Afton;Afton;Afton;;;;;;;;;x
PROV237;Siberia;Siberia;Siberia;;;;;;;;;x
PROV238;Johnson Valley;Johnson Valley;Johnson Valley;;;;;;;;;x
PROV239;Twentynine Palms;Twentynine Palms;Twentynine Palms;;;;;;;;;x
PROV240;Joshua Tree;Joshua Tree;Joshua Tree;;;;;;;;;x
PROV241;Yucca;Yucca;Yucca;;;;;;;;;x
PROV242;Paz;Paz;Paz;;;;;;;;;x
PROV243;El Quelele;El Quelele;El Quelele;;;;;;;;;x
PROV244;San Juan de Los Planes;San Juan de Los Planes;San Juan de Los Planes;;;;;;;;;x
PROV245;Todos Santos;Todos Santos;Todos Santos;;;;;;;;;x
PROV246;San Pedro;San Pedro;San Pedro;;;;;;;;;x
PROV247;Cabo Pulmo;Cabo Pulmo;Cabo Pulmo;;;;;;;;;x
PROV248;San Jose del Cabo;San Jose del Cabo;San Jose del Cabo;;;;;;;;;x
PROV249;Cabo San Lucas;Cabo San Lucas;Cabo San Lucas;;;;;;;;;x
PROV250;Carrizalito;Carrizalito;Carrizalito;;;;;;;;;x
PROV251;Cresciente;Cresciente;Cresciente;;;;;;;;;x
PROV252;Hiray;Hiray;Hiray;;;;;;;;;x
PROV253;Banderitas;Banderitas;Banderitas;;;;;;;;;x
PROV254;Constitución;Constitución;Constitución;;;;;;;;;x
PROV255;Matancita;Matancita;Matancita;;;;;;;;;x
PROV256;San Evaristo;San Evaristo;San Evaristo;;;;;;;;;x
PROV257;Timbabichi;Timbabichi;Timbabichi;;;;;;;;;x
PROV258;Huatamote;Huatamote;Huatamote;;;;;;;;;x
PROV259;Ligüí;Ligüí;Ligüí;;;;;;;;;x
PROV260;Loreto;Loreto;Loreto;;;;;;;;;x
PROV261;Heroica Mulegé;Heroica Mulegé;Heroica Mulegé;;;;;;;;;x
PROV262;La Poza Grande;La Poza Grande;La Poza Grande;;;;;;;;;x
PROV263;La Yaqui;La Yaqui;La Yaqui;;;;;;;;;x
PROV264;Isla Guadalupe;Isla Guadalupe;Isla Guadalupe;;;;;;;;;x
PROV265;Isla de Cedros;Isla de Cedros;Isla de Cedros;;;;;;;;;x
PROV266;Bahía Tortugas;Bahía Tortugas;Bahía Tortugas;;;;;;;;;x
PROV267;Guerrero Negro;Guerrero Negro;Guerrero Negro;;;;;;;;;x
PROV268;El Marasal;El Marasal;El Marasal;;;;;;;;;x
PROV269;Santa Rosalía;Santa Rosalía;Santa Rosalía;;;;;;;;;x
PROV270;Punta Abreojos;Punta Abreojos;Punta Abreojos;;;;;;;;;x
PROV271;Tijuana;Tijuana;Tijuana;;;;;;;;;x
PROV272;Tecate;Tecate;Tecate;;;;;;;;;x
PROV273;Guadalupe;Guadalupe;Guadalupe;;;;;;;;;x
PROV274;La Rumorosa;La Rumorosa;La Rumorosa;;;;;;;;;x
PROV275;Mexicali;Mexicali;Mexicali;;;;;;;;;x
PROV276;Progreso;Progreso;Progreso;;;;;;;;;x
PROV277;Morelos;Morelos;Morelos;;;;;;;;;x
PROV278;Delta;Delta;Delta;;;;;;;;;x
PROV279;El Indiviso;El Indiviso;El Indiviso;;;;;;;;;x
PROV280;Lázaro Cárdenas;Lázaro Cárdenas;Lázaro Cárdenas;;;;;;;;;x
PROV281;San Felipe;San Felipe;San Felipe;;;;;;;;;x
PROV282;Puertecitos;Puertecitos;Puertecitos;;;;;;;;;x
PROV283;El Rosario;El Rosario;El Rosario;;;;;;;;;x
PROV284;Rancho los Pinos;Rancho los Pinos;Rancho los Pinos;;;;;;;;;x
PROV285;Ensenada;Ensenada;Ensenada;;;;;;;;;x
PROV286;Santo Tomás;Santo Tomás;Santo Tomás;;;;;;;;;x
PROV287;Camalú;Camalú;Camalú;;;;;;;;;x
PROV288;Rosarito;Rosarito;Rosarito;;;;;;;;;x
PROV289;Bahía de los Ángeles;Bahía de los Ángeles;Bahía de los Ángeles;;;;;;;;;x
PROV290;Punta Final;Punta Final;Punta Final;;;;;;;;;x
PROV291;Redding;Redding;Redding;;;;;;;;;x
PROV292;Round Mountain;Round Mountain;Round Mountain;;;;;;;;;x
PROV293;Platina;Platina;Platina;;;;;;;;;x
PROV294;Burney;Burney;Burney;;;;;;;;;x
PROV295;Weaverville;Weaverville;Weaverville;;;;;;;;;x
PROV296;Hayfork;Hayfork;Hayfork;;;;;;;;;x
PROV297;Ridgeville;Ridgeville;Ridgeville;;;;;;;;;x
PROV298;Mt. Shasta;Mt. Shasta;Mt. Shasta;;;;;;;;;x
PROV299;Pondosa;Pondosa;Pondosa;;;;;;;;;x
PROV300;Lakehead-Lakeshore;Lakehead-Lakeshore;Lakehead-Lakeshore;;;;;;;;;x
PROV301;Ukiah;Ukiah;Ukiah;;;;;;;;;x
PROV302;Hopland;Hopland;Hopland;;;;;;;;;x
PROV303;Boonville;Boonville;Boonville;;;;;;;;;x
PROV304;Willits;Willits;Willits;;;;;;;;;x
PROV305;Mendocino;Mendocino;Mendocino;;;;;;;;;x
PROV306;Fort Bragg;Fort Bragg;Fort Bragg;;;;;;;;;x
PROV307;Point Arena;Point Arena;Point Arena;;;;;;;;;x
PROV308;Rockport;Rockport;Rockport;;;;;;;;;x
PROV309;Laytonville;Laytonville;Laytonville;;;;;;;;;x
PROV310;Leggett;Leggett;Leggett;;;;;;;;;x
PROV311;Dos Rios;Dos Rios;Dos Rios;;;;;;;;;x
PROV312;Covelo;Covelo;Covelo;;;;;;;;;x
PROV313;Eureka;Eureka;Eureka;;;;;;;;;x
PROV314;Willow Creek;Willow Creek;Willow Creek;;;;;;;;;x
PROV315;Trinidad;Trinidad;Trinidad;;;;;;;;;x
PROV316;Del Norte;Del Norte;Del Norte;;;;;;;;;x
PROV317;Fortuna;Fortuna;Fortuna;;;;;;;;;x
PROV318;Garberville;Garberville;Garberville;;;;;;;;;x
PROV319;Dinsmore;Dinsmore;Dinsmore;;;;;;;;;x
PROV320;Yreka;Yreka;Yreka;;;;;;;;;x
PROV321;Fort Jones;Fort Jones;Fort Jones;;;;;;;;;x
PROV322;Mt. Hebron;Mt. Hebron;Mt. Hebron;;;;;;;;;x
PROV323;Hornbrook;Hornbrook;Hornbrook;;;;;;;;;x
PROV324;Fort Goff;Fort Goff;Fort Goff;;;;;;;;;x
PROV325;Cottage Grove;Cottage Grove;Cottage Grove;;;;;;;;;x
PROV326;Alturas;Alturas;Alturas;;;;;;;;;x
PROV327;Canby;Canby;Canby;;;;;;;;;x
PROV328;Mammoth;Mammoth;Mammoth;;;;;;;;;x
PROV329;Susanville;Susanville;Susanville;;;;;;;;;x
PROV330;Termo;Termo;Termo;;;;;;;;;x
PROV331;Little Valley;Little Valley;Little Valley;;;;;;;;;x
PROV332;Klamath Falls;Klamath Falls;Klamath Falls;;;;;;;;;x
PROV333;Bonaza;Bonaza;Bonaza;;;;;;;;;x
PROV334;Chiloquin;Chiloquin;Chiloquin;;;;;;;;;x
PROV335;Chemult;Chemult;Chemult;;;;;;;;;x
PROV336;Medford;Medford;Medford;;;;;;;;;x
PROV337;Josephine;Josephine;Josephine;;;;;;;;;x
PROV338;Upper Rogue;Upper Rogue;Upper Rogue;;;;;;;;;x
PROV339;Lakeview;Lakeview;Lakeview;;;;;;;;;x
PROV340;Wagonfire;Wagonfire;Wagonfire;;;;;;;;;x
PROV341;Christmas Valley;Christmas Valley;Christmas Valley;;;;;;;;;x
PROV342;Portland;Portland;Portland;;;;;;;;;x
PROV343;Gresham;Gresham;Gresham;;;;;;;;;x
PROV344;Forest Park;Forest Park;Forest Park;;;;;;;;;x
PROV345;Oswego;Oswego;Oswego;;;;;;;;;x
PROV346;Mt. Hood;Mt. Hood;Mt. Hood;;;;;;;;;x
PROV347;Towering Village;Towering Village;Towering Village;;;;;;;;;x
PROV348;Sandy;Sandy;Sandy;;;;;;;;;x
PROV349;Oregon City;Oregon City;Oregon City;;;;;;;;;x
PROV350;Clackamas;Clackamas;Clackamas;;;;;;;;;x
PROV351;Wilsonville;Wilsonville;Wilsonville;;;;;;;;;x
PROV352;Hillsboro;Hillsboro;Hillsboro;;;;;;;;;x
PROV353;Beaverton;Beaverton;Beaverton;;;;;;;;;x
PROV354;Forest Grove;Forest Grove;Forest Grove;;;;;;;;;x
PROV355;Wilkesboro;Wilkesboro;Wilkesboro;;;;;;;;;x
PROV356;St.Helens;St.Helens;St.Helens;;;;;;;;;x
PROV357;Pittsburg;Pittsburg;Pittsburg;;;;;;;;;x
PROV358;Clatskanie;Clatskanie;Clatskanie;;;;;;;;;x
PROV359;Salem;Salem;Salem;;;;;;;;;x
PROV360;Yamhill;Yamhill;Yamhill;;;;;;;;;x
PROV361;Polks;Polks;Polks;;;;;;;;;x
PROV362;Woodburn;Woodburn;Woodburn;;;;;;;;;x
PROV363;Albany;Albany;Albany;;;;;;;;;x
PROV364;Sweet Home;Sweet Home;Sweet Home;;;;;;;;;x
PROV365;Corvallis;Corvallis;Corvallis;;;;;;;;;x
PROV366;Eugene;Eugene;Eugene;;;;;;;;;x
PROV367;Springfield;Springfield;Springfield;;;;;;;;;x
PROV368;Old Territorial;Old Territorial;Old Territorial;;;;;;;;;x
PROV369;Saginaw;Saginaw;Saginaw;;;;;;;;;x
PROV370;Roseburg;Roseburg;Roseburg;;;;;;;;;x
PROV371;Glide;Glide;Glide;;;;;;;;;x
PROV372;Yoncalla;Yoncalla;Yoncalla;;;;;;;;;x
PROV373;Elkton;Elkton;Elkton;;;;;;;;;x
PROV374;Myrtle Creek;Myrtle Creek;Myrtle Creek;;;;;;;;;x
PROV375;Winston;Winston;Winston;;;;;;;;;x
PROV376;Myrtle Point;Myrtle Point;Myrtle Point;;;;;;;;;x
PROV377;Florence;Florence;Florence;;;;;;;;;x
PROV378;Reedsport;Reedsport;Reedsport;;;;;;;;;x
PROV379;Mapleton;Mapleton;Mapleton;;;;;;;;;x
PROV380;Coos Bay;Coos Bay;Coos Bay;;;;;;;;;x
PROV381;Port Orford;Port Orford;Port Orford;;;;;;;;;x
PROV382;Gold Beach;Gold Beach;Gold Beach;;;;;;;;;x
PROV383;Tillamook;Tillamook;Tillamook;;;;;;;;;x
PROV384;Pacific City;Pacific City;Pacific City;;;;;;;;;x
PROV385;Manzanita;Manzanita;Manzanita;;;;;;;;;x
PROV386;Newport;Newport;Newport;;;;;;;;;x
PROV387;Lincoln City;Lincoln City;Lincoln City;;;;;;;;;x
PROV388;Eddyville;Eddyville;Eddyville;;;;;;;;;x
PROV389;Astoria;Astoria;Astoria;;;;;;;;;x
PROV390;Jewell;Jewell;Jewell;;;;;;;;;x
PROV391;Warrenton;Warrenton;Warrenton;;;;;;;;;x
PROV392;Seattle;Seattle;Seattle;;;;;;;;;x
PROV393;Bellevue;Bellevue;Bellevue;;;;;;;;;x
PROV394;Renton;Renton;Renton;;;;;;;;;x
PROV395;Federal Way;Federal Way;Federal Way;;;;;;;;;x
PROV396;Sammamish;Sammamish;Sammamish;;;;;;;;;x
PROV397;Carnation;Carnation;Carnation;;;;;;;;;x
PROV398;North Bend;North Bend;North Bend;;;;;;;;;x
PROV399;Everett;Everett;Everett;;;;;;;;;x
PROV400;Lynnwood;Lynnwood;Lynnwood;;;;;;;;;x
PROV401;Snohomish;Snohomish;Snohomish;;;;;;;;;x
PROV402;Leavenworth;Leavenworth;Leavenworth;;;;;;;;;x
PROV403;Arlington;Arlington;Arlington;;;;;;;;;x
PROV404;Mt.Vernon;Mt.Vernon;Mt.Vernon;;;;;;;;;x
PROV405;Fidalgo;Fidalgo;Fidalgo;;;;;;;;;x
PROV406;Darrington;Darrington;Darrington;;;;;;;;;x
PROV407;Camano;Camano;Camano;;;;;;;;;x
PROV408;South Whidbey;South Whidbey;South Whidbey;;;;;;;;;x
PROV409;North Whidbey;North Whidbey;North Whidbey;;;;;;;;;x
PROV410;Lyman;Lyman;Lyman;;;;;;;;;x
PROV411;Rockport;Rockport;Rockport;;;;;;;;;x
PROV412;Bellingham;Bellingham;Bellingham;;;;;;;;;x
PROV413;Nooksack;Nooksack;Nooksack;;;;;;;;;x
PROV414;Lynden;Lynden;Lynden;;;;;;;;;x
PROV415;San Juan;San Juan;San Juan;;;;;;;;;x
PROV416;Lopez;Lopez;Lopez;;;;;;;;;x
PROV417;Orca;Orca;Orca;;;;;;;;;x
PROV418;Tacoma;Tacoma;Tacoma;;;;;;;;;x
PROV419;Spanaway;Spanaway;Spanaway;;;;;;;;;x
PROV420;Enumclaw;Enumclaw;Enumclaw;;;;;;;;;x
PROV421;the Couve;the Couve;the Couve;;;;;;;;;x
PROV422;Battle Ground;Battle Ground;Battle Ground;;;;;;;;;x
PROV423;Skamania;Skamania;Skamania;;;;;;;;;x
PROV424;Centralia;Centralia;Centralia;;;;;;;;;x
PROV425;Longview;Longview;Longview;;;;;;;;;x
PROV426;La Grande;La Grande;La Grande;;;;;;;;;x
PROV427;Raymond;Raymond;Raymond;;;;;;;;;x
PROV428;Ilwaco;Ilwaco;Ilwaco;;;;;;;;;x
PROV429;Wahkiakum;Wahkiakum;Wahkiakum;;;;;;;;;x
PROV430;Olympia;Olympia;Olympia;;;;;;;;;x
PROV431;Thompson;Thompson;Thompson;;;;;;;;;x
PROV432;Grand Mound;Grand Mound;Grand Mound;;;;;;;;;x
PROV433;Aberdeen;Aberdeen;Aberdeen;;;;;;;;;x
PROV434;Elma;Elma;Elma;;;;;;;;;x
PROV435;Westport;Westport;Westport;;;;;;;;;x
PROV436;Oceanshore;Oceanshore;Oceanshore;;;;;;;;;x
PROV437;Quinault;Quinault;Quinault;;;;;;;;;x
PROV438;Quileute;Quileute;Quileute;;;;;;;;;x
PROV439;Port Angeles;Port Angeles;Port Angeles;;;;;;;;;x
PROV440;Neah Bay;Neah Bay;Neah Bay;;;;;;;;;x
PROV441;Sequim;Sequim;Sequim;;;;;;;;;x
PROV442;Shelton;Shelton;Shelton;;;;;;;;;x
PROV443;Quilcene;Quilcene;Quilcene;;;;;;;;;x
PROV444;Jefferson;Jefferson;Jefferson;;;;;;;;;x
PROV445;Bremerton;Bremerton;Bremerton;;;;;;;;;x
PROV446;Port Orchard;Port Orchard;Port Orchard;;;;;;;;;x
PROV447;Poulsbo;Poulsbo;Poulsbo;;;;;;;;;x
PROV448;Spokane;Spokane;Spokane;;;;;;;;;x
PROV449;Spokane Valley;Spokane Valley;Spokane Valley;;;;;;;;;x
PROV450;Deer Park;Deer Park;Deer Park;;;;;;;;;x
PROV451;Steven;Steven;Steven;;;;;;;;;x
PROV452;Fruitland;Fruitland;Fruitland;;;;;;;;;x
PROV453;Newport;Newport;Newport;;;;;;;;;x
PROV454;Republic;Republic;Republic;;;;;;;;;x
PROV455;Marcus;Marcus;Marcus;;;;;;;;;x
PROV456;Nespelem;Nespelem;Nespelem;;;;;;;;;x
PROV457;Okanogan;Okanogan;Okanogan;;;;;;;;;x
PROV458;Tonasket;Tonasket;Tonasket;;;;;;;;;x
PROV459;Oroville;Oroville;Oroville;;;;;;;;;x
PROV460;Wenatchee;Wenatchee;Wenatchee;;;;;;;;;x
PROV461;Chelan;Chelan;Chelan;;;;;;;;;x
PROV462;Winthrop;Winthrop;Winthrop;;;;;;;;;x
PROV463;Coeur d'Alene;Coeur d'Alene;Coeur d'Alene;;;;;;;;;x
PROV464;Ponderay;Ponderay;Ponderay;;;;;;;;;x
PROV465;Boundary;Boundary;Boundary;;;;;;;;;x
PROV466;Silver Valley;Silver Valley;Silver Valley;;;;;;;;;x
PROV467;Sanders;Sanders;Sanders;;;;;;;;;x
PROV468;Superior;Superior;Superior;;;;;;;;;x
PROV469;Missoula;Missoula;Missoula;;;;;;;;;x
PROV470;Ravalli;Ravalli;Ravalli;;;;;;;;;x
PROV471;Sellway;Sellway;Sellway;;;;;;;;;x
PROV472;Kalispell;Kalispell;Kalispell;;;;;;;;;x
PROV473;Glacier;Glacier;Glacier;;;;;;;;;x
PROV474;Polson;Polson;Polson;;;;;;;;;x
PROV475;Lincoln;Lincoln;Lincoln;;;;;;;;;x
PROV476;Moscow;Moscow;Moscow;;;;;;;;;x
PROV477;Pullman;Pullman;Pullman;;;;;;;;;x
PROV478;Skitswish;Skitswish;Skitswish;;;;;;;;;x
PROV479;St. Joe;St. Joe;St. Joe;;;;;;;;;x
PROV480;Dworshak;Dworshak;Dworshak;;;;;;;;;x
PROV481;Orofino;Orofino;Orofino;;;;;;;;;x
PROV482;Pasco;Pasco;Pasco;;;;;;;;;x
PROV483;Washtucna;Washtucna;Washtucna;;;;;;;;;x
PROV484;Royal City;Royal City;Royal City;;;;;;;;;x
PROV485;Quincy;Quincy;Quincy;;;;;;;;;x
PROV486;Douglas;Douglas;Douglas;;;;;;;;;x
PROV487;Bridgeport;Bridgeport;Bridgeport;;;;;;;;;x
PROV488;Grand Coulee;Grand Coulee;Grand Coulee;;;;;;;;;x
PROV489;Odessa;Odessa;Odessa;;;;;;;;;x
PROV490;Davenport;Davenport;Davenport;;;;;;;;;x
PROV491;Reardan;Reardan;Reardan;;;;;;;;;x
PROV492;Sprague;Sprague;Sprague;;;;;;;;;x
PROV493;Yakima;Yakima;Yakima;;;;;;;;;x
PROV494;Ellensburg;Ellensburg;Ellensburg;;;;;;;;;x
PROV495;The Reach;The Reach;The Reach;;;;;;;;;x
PROV496;Goldendale;Goldendale;Goldendale;;;;;;;;;x
PROV497;Toppenish;Toppenish;Toppenish;;;;;;;;;x
PROV498;Sunnyside;Sunnyside;Sunnyside;;;;;;;;;x
PROV499;Kennewick;Kennewick;Kennewick;;;;;;;;;x
PROV500;Prosser;Prosser;Prosser;;;;;;;;;x
PROV501;Walla Walla;Walla Walla;Walla Walla;;;;;;;;;x
PROV502;Tollgate;Tollgate;Tollgate;;;;;;;;;x
PROV503;Burbank;Burbank;Burbank;;;;;;;;;x
PROV504;Clarkston;Clarkston;Clarkston;;;;;;;;;x
PROV505;Dayton;Dayton;Dayton;;;;;;;;;x
PROV506;Pendleton;Pendleton;Pendleton;;;;;;;;;x
PROV507;Hermiston;Hermiston;Hermiston;;;;;;;;;x
PROV508;Morrow;Morrow;Morrow;;;;;;;;;x
PROV509;The Dalles;The Dalles;The Dalles;;;;;;;;;x
PROV510;Warm Springs;Warm Springs;Warm Springs;;;;;;;;;x
PROV511;Gillam;Gillam;Gillam;;;;;;;;;x
PROV512;Vancouver;Vancouver;Vancouver;;;;;;;;;x
PROV513;Richmond;Richmond;Richmond;;;;;;;;;x
PROV514;North Shore;North Shore;North Shore;;;;;;;;;x
PROV515;Surrey;Surrey;Surrey;;;;;;;;;x
PROV516;Coquitlam;Coquitlam;Coquitlam;;;;;;;;;x
PROV517;Abbotsford;Abbotsford;Abbotsford;;;;;;;;;x
PROV518;Chilliwack;Chilliwack;Chilliwack;;;;;;;;;x
PROV519;Hope;Hope;Hope;;;;;;;;;x
PROV520;Pemberton;Pemberton;Pemberton;;;;;;;;;x
PROV521;Squamish;Squamish;Squamish;;;;;;;;;x
PROV522;Gibsons;Gibsons;Gibsons;;;;;;;;;x
PROV523;Sechelt;Sechelt;Sechelt;;;;;;;;;x
PROV524;Victoria;Victoria;Victoria;;;;;;;;;x
PROV525;Delta;Delta;Delta;;;;;;;;;x
PROV526;West Shore;West Shore;West Shore;;;;;;;;;x
PROV527;Nanaimo;Nanaimo;Nanaimo;;;;;;;;;x
PROV528;Duncan;Duncan;Duncan;;;;;;;;;x
PROV529;Juan de Fuca;Juan de Fuca;Juan de Fuca;;;;;;;;;x
PROV530;Lake Cowichan;Lake Cowichan;Lake Cowichan;;;;;;;;;x
PROV531;Alberni Valley;Alberni Valley;Alberni Valley;;;;;;;;;x
PROV532;Parksville;Parksville;Parksville;;;;;;;;;x
PROV533;Comox;Comox;Comox;;;;;;;;;x
PROV534;Campbell River;Campbell River;Campbell River;;;;;;;;;x
PROV535;Port Hardy;Port Hardy;Port Hardy;;;;;;;;;x
PROV536;Kyuquot;Kyuquot;Kyuquot;;;;;;;;;x
PROV537;Port McNiell;Port McNiell;Port McNiell;;;;;;;;;x
PROV538;Whistler;Whistler;Whistler;;;;;;;;;x
PROV539;Tofino;Tofino;Tofino;;;;;;;;;x
PROV540;Ahousat;Ahousat;Ahousat;;;;;;;;;x
PROV541;Yuquot;Yuquot;Yuquot;;;;;;;;;x
PROV542;Sayward Valley;Sayward Valley;Sayward Valley;;;;;;;;;x
PROV543;Powell;Powell;Powell;;;;;;;;;x
PROV544;Maderia Park;Maderia Park;Maderia Park;;;;;;;;;x
PROV545;Lund;Lund;Lund;;;;;;;;;x
PROV546;Langley;Langley;Langley;;;;;;;;;x
PROV547;Port Neville;Port Neville;Port Neville;;;;;;;;;x
PROV548;Echo Bay;Echo Bay;Echo Bay;;;;;;;;;x
PROV549;Harrison;Harrison;Harrison;;;;;;;;;x
PROV550;Gabriola;Gabriola;Gabriola;;;;;;;;;x
PROV551;Kelowna;Kelowna;Kelowna;;;;;;;;;x
PROV552;Keremeos;Keremeos;Keremeos;;;;;;;;;x
PROV553;Penticton;Penticton;Penticton;;;;;;;;;x
PROV554;Kamloops;Kamloops;Kamloops;;;;;;;;;x
PROV555;Skeetchestn;Skeetchestn;Skeetchestn;;;;;;;;;x
PROV556;Lillooet;Lillooet;Lillooet;;;;;;;;;x
PROV557;Merritt;Merritt;Merritt;;;;;;;;;x
PROV558;Princeton;Princeton;Princeton;;;;;;;;;x
PROV559;Falkland;Falkland;Falkland;;;;;;;;;x
PROV560;Vernon;Vernon;Vernon;;;;;;;;;x
PROV561;Salmon Arm;Salmon Arm;Salmon Arm;;;;;;;;;x
PROV562;Sorrento;Sorrento;Sorrento;;;;;;;;;x
PROV563;Nelson;Nelson;Nelson;;;;;;;;;x
PROV564;Kaslo;Kaslo;Kaslo;;;;;;;;;x
PROV565;Crawford;Crawford;Crawford;;;;;;;;;x
PROV566;Creston;Creston;Creston;;;;;;;;;x
PROV567;Cranbrook;Cranbrook;Cranbrook;;;;;;;;;x
PROV568;Ivermere;Ivermere;Ivermere;;;;;;;;;x
PROV569;Fernie;Fernie;Fernie;;;;;;;;;x
PROV570;Castlegar;Castlegar;Castlegar;;;;;;;;;x
PROV571;Rossland;Rossland;Rossland;;;;;;;;;x
PROV572;Salmo;Salmo;Salmo;;;;;;;;;x
PROV573;South Slocan;South Slocan;South Slocan;;;;;;;;;x
PROV574;New Denver;New Denver;New Denver;;;;;;;;;x
PROV575;Nakusp;Nakusp;Nakusp;;;;;;;;;x
PROV576;Grand Forks;Grand Forks;Grand Forks;;;;;;;;;x
PROV577;Anarchist Mountain;Anarchist Mountain;Anarchist Mountain;;;;;;;;;x
PROV578;Revelstoke;Revelstoke;Revelstoke;;;;;;;;;x
PROV579;Shuswap Falls;Shuswap Falls;Shuswap Falls;;;;;;;;;x
PROV580;Phoenix;Phoenix;Phoenix;;;;;;;;;x
PROV581;Mesa;Mesa;Mesa;;;;;;;;;x
PROV582;Harquahala;Harquahala;Harquahala;;;;;;;;;x
PROV583;Pinal;Pinal;Pinal;;;;;;;;;x
PROV584;Maricopa;Maricopa;Maricopa;;;;;;;;;x
PROV585;Flagstaff;Flagstaff;Flagstaff;;;;;;;;;x
PROV586;Gateway;Gateway;Gateway;;;;;;;;;x
PROV587;Grand Canyon;Grand Canyon;Grand Canyon;;;;;;;;;x
PROV588;Kaibab;Kaibab;Kaibab;;;;;;;;;x
PROV589;Havasupai;Havasupai;Havasupai;;;;;;;;;x
PROV590;Prescott;Prescott;Prescott;;;;;;;;;x
PROV591;Verde;Verde;Verde;;;;;;;;;x
PROV592;Aquarius;Aquarius;Aquarius;;;;;;;;;x
PROV593;Tonto;Tonto;Tonto;;;;;;;;;x
PROV594;Fort Apache;Fort Apache;Fort Apache;;;;;;;;;x
PROV595;San Carlos;San Carlos;San Carlos;;;;;;;;;x
PROV596;Graham;Graham;Graham;;;;;;;;;x
PROV597;Apache Forest;Apache Forest;Apache Forest;;;;;;;;;x
PROV598;San Pedro;San Pedro;San Pedro;;;;;;;;;x
PROV599;Kingman;Kingman;Kingman;;;;;;;;;x
PROV600;Hualapai;Hualapai;Hualapai;;;;;;;;;x
PROV601;Wikiup;Wikiup;Wikiup;;;;;;;;;x
PROV602;Mesquite;Mesquite;Mesquite;;;;;;;;;x
PROV603;Hoover;Hoover;Hoover;;;;;;;;;x
PROV604;Parashant;Parashant;Parashant;;;;;;;;;x
PROV605;La Paz;La Paz;La Paz;;;;;;;;;x
PROV606;Bullhead;Bullhead;Bullhead;;;;;;;;;x
PROV607;Sacramento Valley;Sacramento Valley;Sacramento Valley;;;;;;;;;x
PROV608;Havasu;Havasu;Havasu;;;;;;;;;x
PROV609;Plomosa;Plomosa;Plomosa;;;;;;;;;x
PROV610;Yuma;Yuma;Yuma;;;;;;;;;x
PROV611;Kofa;Kofa;Kofa;;;;;;;;;x
PROV612;Pima;Pima;Pima;;;;;;;;;x
PROV613;Organ Pipe;Organ Pipe;Organ Pipe;;;;;;;;;x
PROV614;Jupin Tohono;Jupin Tohono;Jupin Tohono;;;;;;;;;x
PROV615;Tohono Jevud;Tohono Jevud;Tohono Jevud;;;;;;;;;x
PROV616;Santa Cruz;Santa Cruz;Santa Cruz;;;;;;;;;x
PROV617;Sierra Vista;Sierra Vista;Sierra Vista;;;;;;;;;x
PROV618;Sulphur Springs;Sulphur Springs;Sulphur Springs;;;;;;;;;x
PROV619;San Simon;San Simon;San Simon;;;;;;;;;x
PROV620;Animas;Animas;Animas;;;;;;;;;x
PROV621;Bootheel;Bootheel;Bootheel;;;;;;;;;x
PROV622;Luna;Luna;Luna;;;;;;;;;x
PROV623;Grant;Grant;Grant;;;;;;;;;x
PROV624;East Sierra;East Sierra;East Sierra;;;;;;;;;x
PROV625;Mogollon;Mogollon;Mogollon;;;;;;;;;x
PROV626;San Agustin;San Agustin;San Agustin;;;;;;;;;x
PROV627;Alamo;Alamo;Alamo;;;;;;;;;x
PROV628;Bernalillo;Bernalillo;Bernalillo;;;;;;;;;x
PROV629;Torrance;Torrance;Torrance;;;;;;;;;x
PROV630;Valencia;Valencia;Valencia;;;;;;;;;x
PROV631;Sandia;Sandia;Sandia;;;;;;;;;x
PROV632;Socorro;Socorro;Socorro;;;;;;;;;x
PROV633;Valley of Fires;Valley of Fires;Valley of Fires;;;;;;;;;x
PROV634;Chupadera;Chupadera;Chupadera;;;;;;;;;x
PROV635;Santa Fe;Santa Fe;Santa Fe;;;;;;;;;x
PROV636;Pojoaque;Pojoaque;Pojoaque;;;;;;;;;x
PROV637;Galiesto;Galiesto;Galiesto;;;;;;;;;x
PROV638;El Paso;El Paso;El Paso;;;;;;;;;x
PROV639;Juarez;Juarez;Juarez;;;;;;;;;x
PROV640;Doña Ana;Doña Ana;Doña Ana;;;;;;;;;x
PROV641;Otero;Otero;Otero;;;;;;;;;x
PROV642;West Sierra;West Sierra;West Sierra;;;;;;;;;x
PROV643;Denver;Denver;Denver;;;;;;;;;x
PROV644;Arapahoe;Arapahoe;Arapahoe;;;;;;;;;x
PROV645;Jefferson;Jefferson;Jefferson;;;;;;;;;x
PROV646;Adams;Adams;Adams;;;;;;;;;x
PROV647;Boulder;Boulder;Boulder;;;;;;;;;x
PROV648;Longmont;Longmont;Longmont;;;;;;;;;x
PROV649;Collins;Collins;Collins;;;;;;;;;x
PROV650;Weld;Weld;Weld;;;;;;;;;x
PROV651;Boyd;Boyd;Boyd;;;;;;;;;x
PROV652;Larimie;Larimie;Larimie;;;;;;;;;x
PROV653;Albany;Albany;Albany;;;;;;;;;x
PROV654;Colorado;Colorado;Colorado;;;;;;;;;x
PROV655;Fountain Valley;Fountain Valley;Fountain Valley;;;;;;;;;x
PROV656;Douglas;Douglas;Douglas;;;;;;;;;x
PROV657;Pueblo;Pueblo;Pueblo;;;;;;;;;x
PROV658;Fremont;Fremont;Fremont;;;;;;;;;x
PROV659;Alamosa;Alamosa;Alamosa;;;;;;;;;x
PROV660;Costilla;Costilla;Costilla;;;;;;;;;x
PROV661;Conejos;Conejos;Conejos;;;;;;;;;x
PROV662;Rio Grande;Rio Grande;Rio Grande;;;;;;;;;x
PROV663;Saguache;Saguache;Saguache;;;;;;;;;x
PROV664;Taos;Taos;Taos;;;;;;;;;x
PROV665;Picuris;Picuris;Picuris;;;;;;;;;x
PROV666;Sunshine Valley;Sunshine Valley;Sunshine Valley;;;;;;;;;x
PROV667;Huerfano;Huerfano;Huerfano;;;;;;;;;x
PROV668;Wet Mountain;Wet Mountain;Wet Mountain;;;;;;;;;x
PROV669;Park;Park;Park;;;;;;;;;x
PROV670;Teller;Teller;Teller;;;;;;;;;x
PROV671;Chaffee;Chaffee;Chaffee;;;;;;;;;x
PROV672;Mesa;Mesa;Mesa;;;;;;;;;x
PROV673;Delta;Delta;Delta;;;;;;;;;x
PROV674;Montrose;Montrose;Montrose;;;;;;;;;x
PROV675;Ouray;Ouray;Ouray;;;;;;;;;x
PROV676;La Plata;La Plata;La Plata;;;;;;;;;x
PROV677;Montezuma;Montezuma;Montezuma;;;;;;;;;x
PROV678;San Miguel;San Miguel;San Miguel;;;;;;;;;x
PROV679;Gunnison;Gunnison;Gunnison;;;;;;;;;x
PROV680;Curecanti;Curecanti;Curecanti;;;;;;;;;x
PROV681;Hinsdale;Hinsdale;Hinsdale;;;;;;;;;x
PROV682;Twin Lakes;Twin Lakes;Twin Lakes;;;;;;;;;x
PROV683;Pitkin;Pitkin;Pitkin;;;;;;;;;x
PROV684;Garfield;Garfield;Garfield;;;;;;;;;x
PROV685;Eagle;Eagle;Eagle;;;;;;;;;x
PROV686;Granby;Granby;Granby;;;;;;;;;x
PROV687;North Park;North Park;North Park;;;;;;;;;x
PROV688;Dillon;Dillon;Dillon;;;;;;;;;x
PROV689;Moffat;Moffat;Moffat;;;;;;;;;x
PROV690;Routt;Routt;Routt;;;;;;;;;x
PROV691;Rio Blanco;Rio Blanco;Rio Blanco;;;;;;;;;x
PROV692;Salt Lake City;Salt Lake City;Salt Lake City;;;;;;;;;x
PROV693;Bountiful;Bountiful;Bountiful;;;;;;;;;x
PROV694;West Valley;West Valley;West Valley;;;;;;;;;x
PROV695;Murray;Murray;Murray;;;;;;;;;x
PROV696;Jordan;Jordan;Jordan;;;;;;;;;x
PROV697;Sandy;Sandy;Sandy;;;;;;;;;x
PROV698;Provo;Provo;Provo;;;;;;;;;x
PROV699;Lehi;Lehi;Lehi;;;;;;;;;x
PROV700;Spanish Fork;Spanish Fork;Spanish Fork;;;;;;;;;x
PROV701;Lake Mountain;Lake Mountain;Lake Mountain;;;;;;;;;x
PROV702;Goshen;Goshen;Goshen;;;;;;;;;x
PROV703;Ogden;Ogden;Ogden;;;;;;;;;x
PROV704;Cache;Cache;Cache;;;;;;;;;x
PROV705;Box Elder;Box Elder;Box Elder;;;;;;;;;x
PROV706;Antelope Island;Antelope Island;Antelope Island;;;;;;;;;x
PROV707;Park Valley;Park Valley;Park Valley;;;;;;;;;x
PROV708;Blue Creek;Blue Creek;Blue Creek;;;;;;;;;x
PROV709;Grouse Creek;Grouse Creek;Grouse Creek;;;;;;;;;x
PROV710;Morgan;Morgan;Morgan;;;;;;;;;x
PROV711;Summit;Summit;Summit;;;;;;;;;x
PROV712;Pineview;Pineview;Pineview;;;;;;;;;x
PROV713;Millard;Millard;Millard;;;;;;;;;x
PROV714;Juab;Juab;Juab;;;;;;;;;x
PROV715;Little Sahara;Little Sahara;Little Sahara;;;;;;;;;x
PROV716;Tooele;Tooele;Tooele;;;;;;;;;x
PROV717;Washington;Washington;Washington;;;;;;;;;x
PROV718;Iron;Iron;Iron;;;;;;;;;x
PROV719;Beaver;Beaver;Beaver;;;;;;;;;x
PROV720;Kanab;Kanab;Kanab;;;;;;;;;x
PROV721;Dixie Forest;Dixie Forest;Dixie Forest;;;;;;;;;x
PROV722;Glen Canyon;Glen Canyon;Glen Canyon;;;;;;;;;x
PROV723;Grand Staircase;Grand Staircase;Grand Staircase;;;;;;;;;x
PROV724;Manti;Manti;Manti;;;;;;;;;x
PROV725;Sanpete;Sanpete;Sanpete;;;;;;;;;x
PROV726;Sevier;Sevier;Sevier;;;;;;;;;x
PROV727;Piute;Piute;Piute;;;;;;;;;x
PROV728;Bryce;Bryce;Bryce;;;;;;;;;x
PROV729;San Rafael;San Rafael;San Rafael;;;;;;;;;x
PROV730;Carbon;Carbon;Carbon;;;;;;;;;x
PROV731;Capitol Reef;Capitol Reef;Capitol Reef;;;;;;;;;x
PROV732;Wayne;Wayne;Wayne;;;;;;;;;x
PROV733;San Juan;San Juan;San Juan;;;;;;;;;x
PROV734;Grand;Grand;Grand;;;;;;;;;x
PROV735;Canyonland;Canyonland;Canyonland;;;;;;;;;x
PROV736;Duchesne;Duchesne;Duchesne;;;;;;;;;x
PROV737;Uintah;Uintah;Uintah;;;;;;;;;x
PROV738;Soldier Creek;Soldier Creek;Soldier Creek;;;;;;;;;x
PROV739;Ada;Ada;Ada;;;;;;;;;x
PROV740;Deer Flat;Deer Flat;Deer Flat;;;;;;;;;x
PROV741;Canyon;Canyon;Canyon;;;;;;;;;x
PROV742;Homedale;Homedale;Homedale;;;;;;;;;x
PROV743;Payette;Payette;Payette;;;;;;;;;x
PROV744;Weiser;Weiser;Weiser;;;;;;;;;x
PROV745;Cascade Valley;Cascade Valley;Cascade Valley;;;;;;;;;x
PROV746;East Salmon;East Salmon;East Salmon;;;;;;;;;x
PROV747;West Salmon;West Salmon;West Salmon;;;;;;;;;x
PROV748;Riggins;Riggins;Riggins;;;;;;;;;x
PROV749;Deadwood;Deadwood;Deadwood;;;;;;;;;x
PROV750;Lewis;Lewis;Lewis;;;;;;;;;x
PROV751;Idaho;Idaho;Idaho;;;;;;;;;x
PROV752;Nez Perce;Nez Perce;Nez Perce;;;;;;;;;x
PROV753;Elk;Elk;Elk;;;;;;;;;x
PROV754;Selway;Selway;Selway;;;;;;;;;x
PROV755;Silver Lake;Silver Lake;Silver Lake;;;;;;;;;x
PROV756;Grande Rond;Grande Rond;Grande Rond;;;;;;;;;x
PROV757;Whitman;Whitman;Whitman;;;;;;;;;x
PROV758;Wallowa;Wallowa;Wallowa;;;;;;;;;x
PROV759;Baker;Baker;Baker;;;;;;;;;x
PROV760;Pine Creek;Pine Creek;Pine Creek;;;;;;;;;x
PROV761;Union;Union;Union;;;;;;;;;x
PROV762;Burnt River;Burnt River;Burnt River;;;;;;;;;x
PROV763;Bonneville;Bonneville;Bonneville;;;;;;;;;x
PROV764;Mud Lake;Mud Lake;Mud Lake;;;;;;;;;x
PROV765;Ricks;Ricks;Ricks;;;;;;;;;x
PROV766;Swan Valley;Swan Valley;Swan Valley;;;;;;;;;x
PROV767;Pocatello;Pocatello;Pocatello;;;;;;;;;x
PROV768;Power;Power;Power;;;;;;;;;x
PROV769;Fort Hall;Fort Hall;Fort Hall;;;;;;;;;x
PROV770;Blackfoot;Blackfoot;Blackfoot;;;;;;;;;x
PROV771;Springfield;Springfield;Springfield;;;;;;;;;x
PROV772;Franklin;Franklin;Franklin;;;;;;;;;x
PROV773;Malad;Malad;Malad;;;;;;;;;x
PROV774;Portneuf;Portneuf;Portneuf;;;;;;;;;x
PROV775;Arbon;Arbon;Arbon;;;;;;;;;x
PROV776;Rockland;Rockland;Rockland;;;;;;;;;x
PROV777;Burley;Burley;Burley;;;;;;;;;x
PROV778;Malta;Malta;Malta;;;;;;;;;x
PROV779;Salmon Falls;Salmon Falls;Salmon Falls;;;;;;;;;x
PROV780;Shoshone Falls;Shoshone Falls;Shoshone Falls;;;;;;;;;x
PROV781;Craters of the Moon;Craters of the Moon;Craters of the Moon;;;;;;;;;x
PROV782;Minidoka;Minidoka;Minidoka;;;;;;;;;x
PROV783;Jerome;Jerome;Jerome;;;;;;;;;x
PROV784;Gooding;Gooding;Gooding;;;;;;;;;x
PROV785;Lincoln;Lincoln;Lincoln;;;;;;;;;x
PROV786;Challis;Challis;Challis;;;;;;;;;x
PROV787;Butte;Butte;Butte;;;;;;;;;x
PROV788;Pahsimeroi;Pahsimeroi;Pahsimeroi;;;;;;;;;x
PROV789;Salmon;Salmon;Salmon;;;;;;;;;x
PROV790;Lemhi;Lemhi;Lemhi;;;;;;;;;x
PROV791;Deerlodge;Deerlodge;Deerlodge;;;;;;;;;x
PROV792;Odell;Odell;Odell;;;;;;;;;x
PROV793;Madison;Madison;Madison;;;;;;;;;x
PROV794;Red Rock;Red Rock;Red Rock;;;;;;;;;x
PROV795;Idaho City;Idaho City;Idaho City;;;;;;;;;x
PROV796;No Return;No Return;No Return;;;;;;;;;x
PROV797;Sawtooth;Sawtooth;Sawtooth;;;;;;;;;x
PROV798;Blaine;Blaine;Blaine;;;;;;;;;x
PROV799;Camas;Camas;Camas;;;;;;;;;x
PROV800;Mid Fork;Mid Fork;Mid Fork;;;;;;;;;x
PROV801;Mountain Home;Mountain Home;Mountain Home;;;;;;;;;x
PROV802;Three Island;Three Island;Three Island;;;;;;;;;x
PROV803;Strike;Strike;Strike;;;;;;;;;x
PROV804;Owyhee;Owyhee;Owyhee;;;;;;;;;x
PROV805;Duck Valley;Duck Valley;Duck Valley;;;;;;;;;x
PROV806;Wild Horse;Wild Horse;Wild Horse;;;;;;;;;x
PROV807;Clover;Clover;Clover;;;;;;;;;x
PROV808;Dickshooter;Dickshooter;Dickshooter;;;;;;;;;x
PROV809;Bend;Bend;Bend;;;;;;;;;x
PROV810;Christmas Valley;Christmas Valley;Christmas Valley;;;;;;;;;x
PROV811;Ochoco;Ochoco;Ochoco;;;;;;;;;x
PROV812;Deschutes;Deschutes;Deschutes;;;;;;;;;x
PROV813;Crook;Crook;Crook;;;;;;;;;x
PROV814;Ontario;Ontario;Ontario;;;;;;;;;x
PROV815;McDermitt;McDermitt;McDermitt;;;;;;;;;x
PROV816;Cow Lake;Cow Lake;Cow Lake;;;;;;;;;x
PROV817;Burns;Burns;Burns;;;;;;;;;x
PROV818;Blitzen Valley;Blitzen Valley;Blitzen Valley;;;;;;;;;x
PROV819;Harper;Harper;Harper;;;;;;;;;x
PROV820;Upper Silves;Upper Silves;Upper Silves;;;;;;;;;x
PROV821;John Day;John Day;John Day;;;;;;;;;x
PROV822;Rock Creek;Rock Creek;Rock Creek;;;;;;;;;x
PROV823;Wheeler;Wheeler;Wheeler;;;;;;;;;x
PROV824;Grant;Grant;Grant;;;;;;;;;x
PROV825;Window Rock;Window Rock;Window Rock;;;;;;;;;x
PROV826;Dilkon;Dilkon;Dilkon;;;;;;;;;x
PROV827;Ganado;Ganado;Ganado;;;;;;;;;x
PROV828;Houck;Houck;Houck;;;;;;;;;x
PROV829;Twin Lakes;Twin Lakes;Twin Lakes;;;;;;;;;x
PROV830;Tuba;Tuba;Tuba;;;;;;;;;x
PROV831;Monument Valley;Monument Valley;Monument Valley;;;;;;;;;x
PROV832;Navajo Mountain;Navajo Mountain;Navajo Mountain;;;;;;;;;x
PROV833;Kaibito;Kaibito;Kaibito;;;;;;;;;x
PROV834;Canyon de Chelly;Canyon de Chelly;Canyon de Chelly;;;;;;;;;x
PROV835;Pinon;Pinon;Pinon;;;;;;;;;x
PROV836;Chuska;Chuska;Chuska;;;;;;;;;x
PROV837;Shiprock;Shiprock;Shiprock;;;;;;;;;x
PROV838;Red Mesas;Red Mesas;Red Mesas;;;;;;;;;x
PROV839;Fruitland;Fruitland;Fruitland;;;;;;;;;x
PROV840;Animas;Animas;Animas;;;;;;;;;x
PROV841;Crownpoint;Crownpoint;Crownpoint;;;;;;;;;x
PROV842;Gallup;Gallup;Gallup;;;;;;;;;x
PROV843;Chaco;Chaco;Chaco;;;;;;;;;x
PROV844;Crow Mesa;Crow Mesa;Crow Mesa;;;;;;;;;x
PROV845;Third Mesa;Third Mesa;Third Mesa;;;;;;;;;x
PROV846;Second Mesa;Second Mesa;Second Mesa;;;;;;;;;x
PROV847;First Mesa;First Mesa;First Mesa;;;;;;;;;x
PROV848;Moenkopi;Moenkopi;Moenkopi;;;;;;;;;x
PROV849;Petrified Forest;Petrified Forest;Petrified Forest;;;;;;;;;x
PROV850;Canyon Diablo;Canyon Diablo;Canyon Diablo;;;;;;;;;x
PROV851;Snowflake;Snowflake;Snowflake;;;;;;;;;x
PROV852;Lyman;Lyman;Lyman;;;;;;;;;x
PROV853;Zuni;Zuni;Zuni;;;;;;;;;x
PROV854;Ramah;Ramah;Ramah;;;;;;;;;x
PROV855;Jicarilla;Jicarilla;Jicarilla;;;;;;;;;x
PROV856;Archuleta;Archuleta;Archuleta;;;;;;;;;x
PROV857;Heron;Heron;Heron;;;;;;;;;x
PROV858;Cuba;Cuba;Cuba;;;;;;;;;x
PROV859;San Felipe;San Felipe;San Felipe;;;;;;;;;x
PROV860;Santo Domingo;Santo Domingo;Santo Domingo;;;;;;;;;x
PROV861;Jemez;Jemez;Jemez;;;;;;;;;x
PROV862;Los Alamos;Los Alamos;Los Alamos;;;;;;;;;x
PROV863;San Juan;San Juan;San Juan;;;;;;;;;x
PROV864;Abiquiu;Abiquiu;Abiquiu;;;;;;;;;x
PROV865;Acoma;Acoma;Acoma;;;;;;;;;x
PROV866;Grants;Grants;Grants;;;;;;;;;x
PROV867;Laguna;Laguna;Laguna;;;;;;;;;x
PROV868;Isleta;Isleta;Isleta;;;;;;;;;x
PROV869;Yellowstone;Yellowstone;Yellowstone;;;;;;;;;x
PROV870;Monument;Monument;Monument;;;;;;;;;x
PROV871;Colter Bay;Colter Bay;Colter Bay;;;;;;;;;x
PROV872;Lemhi Pass;Lemhi Pass;Lemhi Pass;;;;;;;;;x
PROV873;Mammoth;Mammoth;Mammoth;;;;;;;;;x
PROV874;Cowen;Cowen;Cowen;;;;;;;;;x
PROV875;Fremont;Fremont;Fremont;;;;;;;;;x
PROV876;Tetonia;Tetonia;Tetonia;;;;;;;;;x
PROV877;Ashton;Ashton;Ashton;;;;;;;;;x
PROV878;Teton;Teton;Teton;;;;;;;;;x
PROV879;Breccia;Breccia;Breccia;;;;;;;;;x
PROV880;Sublette;Sublette;Sublette;;;;;;;;;x
PROV881;Montpelier;Montpelier;Montpelier;;;;;;;;;x
PROV882;Paris;Paris;Paris;;;;;;;;;x
PROV883;Grays Lake;Grays Lake;Grays Lake;;;;;;;;;x
PROV884;Uinta;Uinta;Uinta;;;;;;;;;x
PROV885;Fossil;Fossil;Fossil;;;;;;;;;x
PROV886;Silver Eagle;Silver Eagle;Silver Eagle;;;;;;;;;x
PROV887;Palisades;Palisades;Palisades;;;;;;;;;x
PROV888;Star Valley;Star Valley;Star Valley;;;;;;;;;x
PROV889;Flaming Gorge;Flaming Gorge;Flaming Gorge;;;;;;;;;x
PROV890;Pilot Butte;Pilot Butte;Pilot Butte;;;;;;;;;x
PROV891;Red Desert;Red Desert;Red Desert;;;;;;;;;x
PROV892;Wind River;Wind River;Wind River;;;;;;;;;x
PROV893;Hot Spring;Hot Spring;Hot Spring;;;;;;;;;x
PROV894;Natrona;Natrona;Natrona;;;;;;;;;x
PROV895;Washakie;Washakie;Washakie;;;;;;;;;x
PROV896;Big Horn;Big Horn;Big Horn;;;;;;;;;x
PROV897;Meeteetse;Meeteetse;Meeteetse;;;;;;;;;x
PROV898;Albany;Albany;Albany;;;;;;;;;x
PROV899;Carbon;Carbon;Carbon;;;;;;;;;x
PROV900;Helena;Helena;Helena;;;;;;;;;x
PROV901;Missouri;Missouri;Missouri;;;;;;;;;x
PROV902;Jefferson;Jefferson;Jefferson;;;;;;;;;x
PROV903;Powell;Powell;Powell;;;;;;;;;x
PROV904;Granite;Granite;Granite;;;;;;;;;x
PROV905;Swan;Swan;Swan;;;;;;;;;x
PROV906;Gallatin;Gallatin;Gallatin;;;;;;;;;x
PROV907;Silver Bow;Silver Bow;Silver Bow;;;;;;;;;x
PROV908;Park;Park;Park;;;;;;;;;x
PROV909;Stillwater;Stillwater;Stillwater;;;;;;;;;x
PROV910;Sweet Grass;Sweet Grass;Sweet Grass;;;;;;;;;x
PROV911;Pitic;Pitic;Pitic;;;;;;;;;x
PROV912;Ures;Ures;Ures;;;;;;;;;x
PROV913;Carbo;Carbo;Carbo;;;;;;;;;x
PROV914;La Colorada;La Colorada;La Colorada;;;;;;;;;x
PROV915;Rio Sonora;Rio Sonora;Rio Sonora;;;;;;;;;x
PROV916;Bahía Kino;Bahía Kino;Bahía Kino;;;;;;;;;x
PROV917;Isla Tiburón;Isla Tiburón;Isla Tiburón;;;;;;;;;x
PROV918;Agua Prieta;Agua Prieta;Agua Prieta;;;;;;;;;x
PROV919;Cananea;Cananea;Cananea;;;;;;;;;x
PROV920;Bacerac;Bacerac;Bacerac;;;;;;;;;x
PROV921;Nácori Chico;Nácori Chico;Nácori Chico;;;;;;;;;x
PROV922;Cumpas;Cumpas;Cumpas;;;;;;;;;x
PROV923;Nogales;Nogales;Nogales;;;;;;;;;x
PROV924;Saric;Saric;Saric;;;;;;;;;x
PROV925;Santa Ana;Santa Ana;Santa Ana;;;;;;;;;x
PROV926;Arizpe;Arizpe;Arizpe;;;;;;;;;x
PROV927;Caborca;Caborca;Caborca;;;;;;;;;x
PROV928;Caborca Occidental;Caborca Occidental;Caborca Occidental;;;;;;;;;x
PROV929;San Luis;San Luis;San Luis;;;;;;;;;x
PROV930;Puerto Peñasco;Puerto Peñasco;Puerto Peñasco;;;;;;;;;x
PROV931;Calles;Calles;Calles;;;;;;;;;x
PROV932;Obregón;Obregón;Obregón;;;;;;;;;x
PROV933;Guaymas;Guaymas;Guaymas;;;;;;;;;x
PROV934;Suaqui Grande;Suaqui Grande;Suaqui Grande;;;;;;;;;x
PROV935;Navojoa;Navojoa;Navojoa;;;;;;;;;x
PROV936;Álamos;Álamos;Álamos;;;;;;;;;x
PROV937;Rosario;Rosario;Rosario;;;;;;;;;x
PROV938;Sahuaripa;Sahuaripa;Sahuaripa;;;;;;;;;x
PROV939;Tepache;Tepache;Tepache;;;;;;;;;x
PROV940;Ahome;Ahome;Ahome;;;;;;;;;x
PROV941;El Fuerte;El Fuerte;El Fuerte;;;;;;;;;x
PROV942;Choix;Choix;Choix;;;;;;;;;x
PROV943;Guasave;Guasave;Guasave;;;;;;;;;x
PROV944;Salvador Alvarado;Salvador Alvarado;Salvador Alvarado;;;;;;;;;x
PROV945;Angostura;Angostura;Angostura;;;;;;;;;x
PROV946;Sinaloa;Sinaloa;Sinaloa;;;;;;;;;x
PROV947;Badiraguato;Badiraguato;Badiraguato;;;;;;;;;x
PROV948;Mocorito;Mocorito;Mocorito;;;;;;;;;x
PROV949;Culiacan;Culiacan;Culiacan;;;;;;;;;x
PROV950;Pabellones;Pabellones;Pabellones;;;;;;;;;x
PROV951;Navolato;Navolato;Navolato;;;;;;;;;x
PROV952;Cosala;Cosala;Cosala;;;;;;;;;x
PROV953;Mazatlan;Mazatlan;Mazatlan;;;;;;;;;x
PROV954;San Ignacio;San Ignacio;San Ignacio;;;;;;;;;x
PROV955;Elota;Elota;Elota;;;;;;;;;x
PROV956;Concordia;Concordia;Concordia;;;;;;;;;x
PROV957;Rosario;Rosario;Rosario;;;;;;;;;x
PROV958;Escuinapa;Escuinapa;Escuinapa;;;;;;;;;x
PROV959;Reno;Reno;Reno;;;;;;;;;x
PROV960;Washoe City;Washoe City;Washoe City;;;;;;;;;x
PROV961;Fernley;Fernley;Fernley;;;;;;;;;x
PROV962;Nixon;Nixon;Nixon;;;;;;;;;x
PROV963;Sutcliffe;Sutcliffe;Sutcliffe;;;;;;;;;x
PROV964;Doyle;Doyle;Doyle;;;;;;;;;x
PROV965;Black Rock;Black Rock;Black Rock;;;;;;;;;x
PROV966;Sierra Valley;Sierra Valley;Sierra Valley;;;;;;;;;x
PROV967;Carson;Carson;Carson;;;;;;;;;x
PROV968;Molossia;Molossia;Molossia;;;;;;;;;x
PROV969;Topaz;Topaz;Topaz;;;;;;;;;x
PROV970;Lyon;Lyon;Lyon;;;;;;;;;x
PROV971;Surprise Valley;Surprise Valley;Surprise Valley;;;;;;;;;x
PROV972;Hart Mountain;Hart Mountain;Hart Mountain;;;;;;;;;x
PROV973;Elko;Elko;Elko;;;;;;;;;x
PROV974;Wells;Wells;Wells;;;;;;;;;x
PROV975;Wendover;Wendover;Wendover;;;;;;;;;x
PROV976;Montello;Montello;Montello;;;;;;;;;x
PROV977;Carlin;Carlin;Carlin;;;;;;;;;x
PROV978;Ruby Valley;Ruby Valley;Ruby Valley;;;;;;;;;x
PROV979;Ely;Ely;Ely;;;;;;;;;x
PROV980;West White Pine;West White Pine;West White Pine;;;;;;;;;x
PROV981;Steptoe;Steptoe;Steptoe;;;;;;;;;x
PROV982;Osceloa;Osceloa;Osceloa;;;;;;;;;x
PROV983;Eskdale;Eskdale;Eskdale;;;;;;;;;x
PROV984;Pioche;Pioche;Pioche;;;;;;;;;x
PROV985;Caliente;Caliente;Caliente;;;;;;;;;x
PROV986;Pahranagat;Pahranagat;Pahranagat;;;;;;;;;x
PROV987;Rachel;Rachel;Rachel;;;;;;;;;x
PROV988;Lund;Lund;Lund;;;;;;;;;x
PROV989;Tonopah;Tonopah;Tonopah;;;;;;;;;x
PROV990;Railroad Valley;Railroad Valley;Railroad Valley;;;;;;;;;x
PROV991;Smokey Valley;Smokey Valley;Smokey Valley;;;;;;;;;x
PROV992;Austin;Austin;Austin;;;;;;;;;x
PROV993;New Pass;New Pass;New Pass;;;;;;;;;x
PROV994;Eureka;Eureka;Eureka;;;;;;;;;x
PROV995;Battle Mountain;Battle Mountain;Battle Mountain;;;;;;;;;x
PROV996;Reese River;Reese River;Reese River;;;;;;;;;x
PROV997;Crescent Valley;Crescent Valley;Crescent Valley;;;;;;;;;x
PROV998;Winnemucca;Winnemucca;Winnemucca;;;;;;;;;x
PROV999;Santa Rosas;Santa Rosas;Santa Rosas;;;;;;;;;x
PROV1000;Lovelock;Lovelock;Lovelock;;;;;;;;;x
PROV1001;Fallon;Fallon;Fallon;;;;;;;;;x
PROV1002;Denio;Denio;Denio;;;;;;;;;x
PROV1003;Paoha;Paoha;Paoha;;;;;;;;;x
PROV1004;Bridgeport;Bridgeport;Bridgeport;;;;;;;;;x
PROV1005;Lee Vining;Lee Vining;Lee Vining;;;;;;;;;x
PROV1006;Pizona;Pizona;Pizona;;;;;;;;;x
PROV1007;Mammoth Lakes;Mammoth Lakes;Mammoth Lakes;;;;;;;;;x
PROV1008;Chalfant Valley;Chalfant Valley;Chalfant Valley;;;;;;;;;x
PROV1009;Big Pine;Big Pine;Big Pine;;;;;;;;;x
PROV1010;Deep Springs Valley;Deep Springs Valley;Deep Springs Valley;;;;;;;;;x
PROV1011;Coaldale;Coaldale;Coaldale;;;;;;;;;x
PROV1012;Tokop;Tokop;Tokop;;;;;;;;;x
PROV1013;Mineral;Mineral;Mineral;;;;;;;;;x
PROV1014;Lone Pine;Lone Pine;Lone Pine;;;;;;;;;x
PROV1015;Haiwee;Haiwee;Haiwee;;;;;;;;;x
PROV1016;Ballarat;Ballarat;Ballarat;;;;;;;;;x
PROV1017;Skytop;Skytop;Skytop;;;;;;;;;x
PROV1018;Stovepipe;Stovepipe;Stovepipe;;;;;;;;;x
PROV1019;Grapevine;Grapevine;Grapevine;;;;;;;;;x
PROV1020;Chloride;Chloride;Chloride;;;;;;;;;x
PROV1021;Ryan;Ryan;Ryan;;;;;;;;;x
PROV1022;Amargosa;Amargosa;Amargosa;;;;;;;;;x
PROV1023;Ridgecrest;Ridgecrest;Ridgecrest;;;;;;;;;x
PROV1024;Copper City;Copper City;Copper City;;;;;;;;;x
PROV1025;Fremont Valley;Fremont Valley;Fremont Valley;;;;;;;;;x
PROV1026;Mars;Mars;Mars;;;;;;;;;x
PROV1027;Badwater;Badwater;Badwater;;;;;;;;;x
PROV1028;Ashford Meadows;Ashford Meadows;Ashford Meadows;;;;;;;;;x
PROV1029;Vashon;Vashon;Vashon;;;;;;;;;x
PROV1030;Redmond;Redmond;Redmond;;;;;;;;;x
PROV1031;Yelm;Yelm;Yelm;;;;;;;;;x
PROV1032;Kelso;Kelso;Kelso;;;;;;;;;x
PROV1033;Pomeroy;Pomeroy;Pomeroy;;;;;;;;;x
PROV1034;Colorado City;Colorado City;Colorado City;;;;;;;;;x
PROV1035;White Swan;White Swan;White Swan;;;;;;;;;x
PROV1036;Cle Elum;Cle Elum;Cle Elum;;;;;;;;;x
PROV1037;Skykomish;Skykomish;Skykomish;;;;;;;;;x
PROV1038;Ephrata;Ephrata;Ephrata;;;;;;;;;x
PROV1039;Moses Lake;Moses Lake;Moses Lake;;;;;;;;;x
PROV1040;Othello;Othello;Othello;;;;;;;;;x
PROV1041;Cheney;Cheney;Cheney;;;;;;;;;x
PROV1042;Lebanon;Lebanon;Lebanon;;;;;;;;;x
PROV1043;Trout Lake;Trout Lake;Trout Lake;;;;;;;;;x
PROV1044;Mattawa;Mattawa;Mattawa;;;;;;;;;x
PROV1045;Horse Heaven;Horse Heaven;Horse Heaven;;;;;;;;;x
PROV1046;Connell;Connell;Connell;;;;;;;;;x
PROV1047;Ashland;Ashland;Ashland;;;;;;;;;x
PROV1048;Chetco;Chetco;Chetco;;;;;;;;;x
PROV1049;Ballard;Ballard;Ballard;;;;;;;;;x
PROV1050;Rancho Cucamonga;Rancho Cucamonga;Rancho Cucamonga;;;;;;;;;x
PROV1051;Sherman;Sherman;Sherman;;;;;;;;;x
PROV1052;Burnaby;Burnaby;Burnaby;;;;;;;;;x
PROV1053;Maple Ridge;Maple Ridge;Maple Ridge;;;;;;;;;x
PROV1054;Gulf Islands;Gulf Islands;Gulf Islands;;;;;;;;;x
PROV1055;Nitinat;Nitinat;Nitinat;;;;;;;;;x
PROV1056;Sooke;Sooke;Sooke;;;;;;;;;x
PROV1057;Fraser Canyon;Fraser Canyon;Fraser Canyon;;;;;;;;;x
PROV1058;Lytton;Lytton;Lytton;;;;;;;;;x
PROV1059;Coldwater;Coldwater;Coldwater;;;;;;;;;x
PROV1060;Tollhouse;Tollhouse;Tollhouse;;;;;;;;;x
PROV1061;Tule River;Tule River;Tule River;;;;;;;;;x
PROV1062;Tehachapi;Tehachapi;Tehachapi;;;;;;;;;x
PROV1063;North Pacific;North Pacific;North Pacific;;;;;;;;;x
PROV1064;Wild Coast;Wild Coast;Wild Coast;;;;;;;;;x
PROV1065;Juan de Fuca Strait;Juan de Fuca Strait;Juan de Fuca Strait;;;;;;;;;x
PROV1066;Barkley Sound;Barkley Sound;Barkley Sound;;;;;;;;;x
PROV1067;West Salish Sea;West Salish Sea;West Salish Sea;;;;;;;;;x
PROV1068;East Salish Sea;East Salish Sea;East Salish Sea;;;;;;;;;x
PROV1069;Fraser Outflow;Fraser Outflow;Fraser Outflow;;;;;;;;;x
PROV1070;Desolation Sound;Desolation Sound;Desolation Sound;;;;;;;;;x
PROV1071;Nitinat Lake;Nitinat Lake;Nitinat Lake;;;;;;;;;x
PROV1072;Burrard Inlet;Burrard Inlet;Burrard Inlet;;;;;;;;;x
PROV1073;Fraser Estuary;Fraser Estuary;Fraser Estuary;;;;;;;;;x
PROV1074;Fraser River;Fraser River;Fraser River;;;;;;;;;x
PROV1075;Harrison Lake;Harrison Lake;Harrison Lake;;;;;;;;;x
PROV1076;Hood Canal;Hood Canal;Hood Canal;;;;;;;;;x
PROV1077;North Puget;North Puget;North Puget;;;;;;;;;x
PROV1078;South Puget;South Puget;South Puget;;;;;;;;;x
PROV1079;Lake Washington;Lake Washington;Lake Washington;;;;;;;;;x
PROV1080;Olympic Coast;Olympic Coast;Olympic Coast;;;;;;;;;x
PROV1081;Oregon Coast;Oregon Coast;Oregon Coast;;;;;;;;;x
PROV1082;Grays Harbour;Grays Harbour;Grays Harbour;;;;;;;;;x
PROV1083;Nahcotto Channel;Nahcotto Channel;Nahcotto Channel;;;;;;;;;x
PROV1084;Siuslaw Coast;Siuslaw Coast;Siuslaw Coast;;;;;;;;;x
PROV1085;St. George Reef;St. George Reef;St. George Reef;;;;;;;;;x
PROV1086;Cordell Bank;Cordell Bank;Cordell Bank;;;;;;;;;x
PROV1087;Monterey Bay;Monterey Bay;Monterey Bay;;;;;;;;;x
PROV1088;Guadelupe Bank;Guadelupe Bank;Guadelupe Bank;;;;;;;;;x
PROV1089;Santa Barbara;Santa Barbara;Santa Barbara;;;;;;;;;x
PROV1090;Baja One;Baja One;Baja One;;;;;;;;;x
PROV1091;Baja Two;Baja Two;Baja Two;;;;;;;;;x
PROV1092;Baja Three;Baja Three;Baja Three;;;;;;;;;x
PROV1093;Baja Four;Baja Four;Baja Four;;;;;;;;;x
PROV1094;Baja Five;Baja Five;Baja Five;;;;;;;;;x
PROV1095;Baja Six;Baja Six;Baja Six;;;;;;;;;x
PROV1096;Baja Seven;Baja Seven;Baja Seven;;;;;;;;;x
PROV1097;Baja Eight;Baja Eight;Baja Eight;;;;;;;;;x
PROV1098;Colorado Outflow;Colorado Outflow;Colorado Outflow;;;;;;;;;x
PROV1099;Colorado River;Colorado River;Colorado River;;;;;;;;;x
PROV1100;Lake Mead;Lake Mead;Lake Mead;;;;;;;;;x
PROV1101;Lake Powell;Lake Powell;Lake Powell;;;;;;;;;x
PROV1102;San Francisco Bay;San Francisco Bay;San Francisco Bay;;;;;;;;;x
PROV1103;Suisun Bay;Suisun Bay;Suisun Bay;;;;;;;;;x
PROV1104;San Joaquin River;San Joaquin River;San Joaquin River;;;;;;;;;x
PROV1105;San Joaquin Tributaries;San Joaquin Tributaries;San Joaquin Tributaries;;;;;;;;;x
PROV1106;Sacremento Deep Channel;Sacremento Deep Channel;Sacremento Deep Channel;;;;;;;;;x
PROV1107;American River;American River;American River;;;;;;;;;x
PROV1108;Folsom Lake;Folsom Lake;Folsom Lake;;;;;;;;;x
PROV1109;Sacremento River;Sacremento River;Sacremento River;;;;;;;;;x
PROV1110;Columbia Outflow;Columbia Outflow;Columbia Outflow;;;;;;;;;x
PROV1111;Willamette River;Willamette River;Willamette River;;;;;;;;;x
PROV1112;Mt. Hood Slope;Mt. Hood Slope;Mt. Hood Slope;;;;;;;;;x
PROV1113;Oregon Dunes Channel;Oregon Dunes Channel;Oregon Dunes Channel;;;;;;;;;x
PROV1114;Hanford Reach;Hanford Reach;Hanford Reach;;;;;;;;;x
PROV1115;Okanogan Lineup;Okanogan Lineup;Okanogan Lineup;;;;;;;;;x
PROV1116;Devils Punch Bowl;Devils Punch Bowl;Devils Punch Bowl;;;;;;;;;x
PROV1117;Columbia North Arm;Columbia North Arm;Columbia North Arm;;;;;;;;;x
PROV1118;Spokane River;Spokane River;Spokane River;;;;;;;;;x
PROV1119;West Snake;West Snake;West Snake;;;;;;;;;x
PROV1120;Clearwater River;Clearwater River;Clearwater River;;;;;;;;;x
PROV1121;Dworshark Resevoir;Dworshark Resevoir;Dworshark Resevoir;;;;;;;;;x
PROV1122;South Snake;South Snake;South Snake;;;;;;;;;x
PROV1123;East Snake;East Snake;East Snake;;;;;;;;;x
PROV1124;Minidoka Lake;Minidoka Lake;Minidoka Lake;;;;;;;;;x
PROV1125;American Falls Resevoir;American Falls Resevoir;American Falls Resevoir;;;;;;;;;x
